,Year,Weight,Value,Commodity,Partner,PartnerISO
0,2012,10713544,31124560,"Cereals // Buckwheat, millet and canary seeds; other cereals. // -Quinoa (Chenopodium quinoa)",World,WLD
21,2012,8,33,"Cereals // Buckwheat, millet and canary seeds; other cereals. // -Quinoa (Chenopodium quinoa)",Curaçao,CUW
22,2012,188,577,"Cereals // Buckwheat, millet and canary seeds; other cereals. // -Quinoa (Chenopodium quinoa)",Aruba,ABW
23,2012,130312,457345,"Cereals // Buckwheat, millet and canary seeds; other cereals. // -Quinoa (Chenopodium quinoa)",New Zealand,NZL
24,2012,18357,49435,"Cereals // Buckwheat, millet and canary seeds; other cereals. // -Quinoa (Chenopodium quinoa)",Panama,PAN
25,2012,22000,53077,"Cereals // Buckwheat, millet and canary seeds; other cereals. // -Quinoa (Chenopodium quinoa)",Russian Federation,RUS
26,2012,510,2409,"Cereals // Buckwheat, millet and canary seeds; other cereals. // -Quinoa (Chenopodium quinoa)",India,IND
27,2012,40077,106299,"Cereals // Buckwheat, millet and canary seeds; other cereals. // -Quinoa (Chenopodium quinoa)",South Africa,ZAF
29,2012,72415,179019,"Cereals // Buckwheat, millet and canary seeds; other cereals. // -Quinoa (Chenopodium quinoa)",Sweden,SWE
30,2012,2107,5602,"Cereals // Buckwheat, millet and canary seeds; other cereals. // -Quinoa (Chenopodium quinoa)",Switzerland,CHE
31,2012,19,47,"Cereals // Buckwheat, millet and canary seeds; other cereals. // -Quinoa (Chenopodium quinoa)",Thailand,THA
32,2012,504,2266,"Cereals // Buckwheat, millet and canary seeds; other cereals. // -Quinoa (Chenopodium quinoa)",United Arab Emirates,ARE
33,2012,32980,89304,"Cereals // Buckwheat, millet and canary seeds; other cereals. // -Quinoa (Chenopodium quinoa)",Turkey,TUR
34,2012,202063,506097,"Cereals // Buckwheat, millet and canary seeds; other cereals. // -Quinoa (Chenopodium quinoa)",United Kingdom,GBR
35,2012,7107096,21011451,"Cereals // Buckwheat, millet and canary seeds; other cereals. // -Quinoa (Chenopodium quinoa)",USA,USA
36,2012,24750,62488,"Cereals // Buckwheat, millet and canary seeds; other cereals. // -Quinoa (Chenopodium quinoa)",Uruguay,URY
20,2012,210000,550200,"Cereals // Buckwheat, millet and canary seeds; other cereals. // -Quinoa (Chenopodium quinoa)",Netherlands,NLD
28,2012,29632,92115,"Cereals // Buckwheat, millet and canary seeds; other cereals. // -Quinoa (Chenopodium quinoa)",Spain,ESP
17,2012,8000,27651,"Cereals // Buckwheat, millet and canary seeds; other cereals. // -Quinoa (Chenopodium quinoa)",Malta,MLT
18,2012,24262,59999,"Cereals // Buckwheat, millet and canary seeds; other cereals. // -Quinoa (Chenopodium quinoa)",Mexico,MEX
1,2012,20000,49984,"Cereals // Buckwheat, millet and canary seeds; other cereals. // -Quinoa (Chenopodium quinoa)",Argentina,ARG
2,2012,446855,1442768,"Cereals // Buckwheat, millet and canary seeds; other cereals. // -Quinoa (Chenopodium quinoa)",Australia,AUS
3,2012,42000,113919,"Cereals // Buckwheat, millet and canary seeds; other cereals. // -Quinoa (Chenopodium quinoa)",Belgium,BEL
4,2012,228950,597407,"Cereals // Buckwheat, millet and canary seeds; other cereals. // -Quinoa (Chenopodium quinoa)",Brazil,BRA
6,2012,84964,218054,"Cereals // Buckwheat, millet and canary seeds; other cereals. // -Quinoa (Chenopodium quinoa)",Chile,CHL
7,2012,480,1731,"Cereals // Buckwheat, millet and canary seeds; other cereals. // -Quinoa (Chenopodium quinoa)",Colombia,COL
8,2012,829,8959,"Cereals // Buckwheat, millet and canary seeds; other cereals. // -Quinoa (Chenopodium quinoa)",Costa Rica,CRI
5,2012,591656,1563942,"Cereals // Buckwheat, millet and canary seeds; other cereals. // -Quinoa (Chenopodium quinoa)",Canada,CAN
9,2012,81790,206033,"Cereals // Buckwheat, millet and canary seeds; other cereals. // -Quinoa (Chenopodium quinoa)",Ecuador,ECU
15,2012,100875,292029,"Cereals // Buckwheat, millet and canary seeds; other cereals. // -Quinoa (Chenopodium quinoa)",Japan,JPN
14,2012,250803,654149,"Cereals // Buckwheat, millet and canary seeds; other cereals. // -Quinoa (Chenopodium quinoa)",Italy,ITA
13,2012,379805,976425,"Cereals // Buckwheat, millet and canary seeds; other cereals. // -Quinoa (Chenopodium quinoa)",Israel,ISR
16,2012,21020,57806,"Cereals // Buckwheat, millet and canary seeds; other cereals. // -Quinoa (Chenopodium quinoa)",Lebanon,LBN
11,2012,442612,1440799,"Cereals // Buckwheat, millet and canary seeds; other cereals. // -Quinoa (Chenopodium quinoa)",Germany,DEU
10,2012,92502,241922,"Cereals // Buckwheat, millet and canary seeds; other cereals. // -Quinoa (Chenopodium quinoa)",France,FRA
12,2012,3097,3183,"Cereals // Buckwheat, millet and canary seeds; other cereals. // -Quinoa (Chenopodium quinoa)","China, Hong Kong SAR",HKG
67,2013,74148,309950,"Cereals // Buckwheat, millet and canary seeds; other cereals. // -Quinoa (Chenopodium quinoa)",South Africa,ZAF
60,2013,274597,1275933,"Cereals // Buckwheat, millet and canary seeds; other cereals. // -Quinoa (Chenopodium quinoa)",New Zealand,NZL
61,2013,19958,71699,"Cereals // Buckwheat, millet and canary seeds; other cereals. // -Quinoa (Chenopodium quinoa)",United States Minor Outlying Islands,UMI
62,2013,1112,4522,"Cereals // Buckwheat, millet and canary seeds; other cereals. // -Quinoa (Chenopodium quinoa)",Panama,PAN
63,2013,40000,176189,"Cereals // Buckwheat, millet and canary seeds; other cereals. // -Quinoa (Chenopodium quinoa)",Poland,POL
64,2013,136950,586866,"Cereals // Buckwheat, millet and canary seeds; other cereals. // -Quinoa (Chenopodium quinoa)",Russian Federation,RUS
65,2013,56350,226095,"Cereals // Buckwheat, millet and canary seeds; other cereals. // -Quinoa (Chenopodium quinoa)",India,IND
66,2013,5975,28763,"Cereals // Buckwheat, millet and canary seeds; other cereals. // -Quinoa (Chenopodium quinoa)",Singapore,SGP
68,2013,32663,120196,"Cereals // Buckwheat, millet and canary seeds; other cereals. // -Quinoa (Chenopodium quinoa)",Spain,ESP
77,2013,22005,72848,"Cereals // Buckwheat, millet and canary seeds; other cereals. // -Quinoa (Chenopodium quinoa)",Venezuela,VEN
70,2013,82,438,"Cereals // Buckwheat, millet and canary seeds; other cereals. // -Quinoa (Chenopodium quinoa)",Switzerland,CHE
71,2013,47900,161895,"Cereals // Buckwheat, millet and canary seeds; other cereals. // -Quinoa (Chenopodium quinoa)",Thailand,THA
72,2013,4426,26354,"Cereals // Buckwheat, millet and canary seeds; other cereals. // -Quinoa (Chenopodium quinoa)",United Arab Emirates,ARE
73,2013,20499,71726,"Cereals // Buckwheat, millet and canary seeds; other cereals. // -Quinoa (Chenopodium quinoa)",Turkey,TUR
74,2013,1083470,4436857,"Cereals // Buckwheat, millet and canary seeds; other cereals. // -Quinoa (Chenopodium quinoa)",United Kingdom,GBR
75,2013,10053065,44036530,"Cereals // Buckwheat, millet and canary seeds; other cereals. // -Quinoa (Chenopodium quinoa)",USA,USA
76,2013,49895,206567,"Cereals // Buckwheat, millet and canary seeds; other cereals. // -Quinoa (Chenopodium quinoa)",Uruguay,URY
59,2013,2,15,"Cereals // Buckwheat, millet and canary seeds; other cereals. // -Quinoa (Chenopodium quinoa)",New Caledonia,NCL
69,2013,96000,354493,"Cereals // Buckwheat, millet and canary seeds; other cereals. // -Quinoa (Chenopodium quinoa)",Sweden,SWE
58,2013,183,420,"Cereals // Buckwheat, millet and canary seeds; other cereals. // -Quinoa (Chenopodium quinoa)",Aruba,ABW
52,2013,156041,700843,"Cereals // Buckwheat, millet and canary seeds; other cereals. // -Quinoa (Chenopodium quinoa)",Japan,JPN
57,2013,649793,2691163,"Cereals // Buckwheat, millet and canary seeds; other cereals. // -Quinoa (Chenopodium quinoa)",Netherlands,NLD
37,2013,18674044,79553475,"Cereals // Buckwheat, millet and canary seeds; other cereals. // -Quinoa (Chenopodium quinoa)",World,WLD
38,2013,1310974,5958941,"Cereals // Buckwheat, millet and canary seeds; other cereals. // -Quinoa (Chenopodium quinoa)",Australia,AUS
39,2013,476641,2231841,"Cereals // Buckwheat, millet and canary seeds; other cereals. // -Quinoa (Chenopodium quinoa)",Brazil,BRA
41,2013,32384,88381,"Cereals // Buckwheat, millet and canary seeds; other cereals. // -Quinoa (Chenopodium quinoa)",Chile,CHL
42,2013,2100,12519,"Cereals // Buckwheat, millet and canary seeds; other cereals. // -Quinoa (Chenopodium quinoa)",China,CHN
43,2013,7855,42487,"Cereals // Buckwheat, millet and canary seeds; other cereals. // -Quinoa (Chenopodium quinoa)",Costa Rica,CRI
44,2013,2000,13651,"Cereals // Buckwheat, millet and canary seeds; other cereals. // -Quinoa (Chenopodium quinoa)",Denmark,DNK
45,2013,48520,143100,"Cereals // Buckwheat, millet and canary seeds; other cereals. // -Quinoa (Chenopodium quinoa)",Ecuador,ECU
40,2013,1620890,6373405,"Cereals // Buckwheat, millet and canary seeds; other cereals. // -Quinoa (Chenopodium quinoa)",Canada,CAN
47,2013,604812,2432533,"Cereals // Buckwheat, millet and canary seeds; other cereals. // -Quinoa (Chenopodium quinoa)",Germany,DEU
48,2013,25,123,"Cereals // Buckwheat, millet and canary seeds; other cereals. // -Quinoa (Chenopodium quinoa)",Guatemala,GTM
49,2013,27329,105776,"Cereals // Buckwheat, millet and canary seeds; other cereals. // -Quinoa (Chenopodium quinoa)","China, Hong Kong SAR",HKG
50,2013,552595,2009551,"Cereals // Buckwheat, millet and canary seeds; other cereals. // -Quinoa (Chenopodium quinoa)",Israel,ISR
51,2013,402849,1535214,"Cereals // Buckwheat, millet and canary seeds; other cereals. // -Quinoa (Chenopodium quinoa)",Italy,ITA
53,2013,5,5,"Cereals // Buckwheat, millet and canary seeds; other cereals. // -Quinoa (Chenopodium quinoa)",Rep. of Korea,KOR
54,2013,19200,103814,"Cereals // Buckwheat, millet and canary seeds; other cereals. // -Quinoa (Chenopodium quinoa)",Lebanon,LBN
46,2013,652440,2562451,"Cereals // Buckwheat, millet and canary seeds; other cereals. // -Quinoa (Chenopodium quinoa)",France,FRA
55,2013,85240,364391,"Cereals // Buckwheat, millet and canary seeds; other cereals. // -Quinoa (Chenopodium quinoa)",Mexico,MEX
119,2014,87000,460681,"Cereals // Buckwheat, millet and canary seeds; other cereals. // -Quinoa (Chenopodium quinoa)",Russian Federation,RUS
118,2014,21000,115500,"Cereals // Buckwheat, millet and canary seeds; other cereals. // -Quinoa (Chenopodium quinoa)",Romania,ROU
117,2014,22000,108700,"Cereals // Buckwheat, millet and canary seeds; other cereals. // -Quinoa (Chenopodium quinoa)",Portugal,PRT
116,2014,100100,581069,"Cereals // Buckwheat, millet and canary seeds; other cereals. // -Quinoa (Chenopodium quinoa)",Poland,POL
115,2014,57452,348093,"Cereals // Buckwheat, millet and canary seeds; other cereals. // -Quinoa (Chenopodium quinoa)",Panama,PAN
111,2014,2,31,"Cereals // Buckwheat, millet and canary seeds; other cereals. // -Quinoa (Chenopodium quinoa)",Curaçao,CUW
113,2014,257387,1701561,"Cereals // Buckwheat, millet and canary seeds; other cereals. // -Quinoa (Chenopodium quinoa)",New Zealand,NZL
112,2014,995,4573,"Cereals // Buckwheat, millet and canary seeds; other cereals. // -Quinoa (Chenopodium quinoa)",Aruba,ABW
110,2014,2168424,12774048,"Cereals // Buckwheat, millet and canary seeds; other cereals. // -Quinoa (Chenopodium quinoa)",Netherlands,NLD
120,2014,20896,141766,"Cereals // Buckwheat, millet and canary seeds; other cereals. // -Quinoa (Chenopodium quinoa)",Saudi Arabia,SAU
114,2014,4320,27270,"Cereals // Buckwheat, millet and canary seeds; other cereals. // -Quinoa (Chenopodium quinoa)",Norway,NOR
121,2014,74039,374852,"Cereals // Buckwheat, millet and canary seeds; other cereals. // -Quinoa (Chenopodium quinoa)",India,IND
131,2014,11000,51777,"Cereals // Buckwheat, millet and canary seeds; other cereals. // -Quinoa (Chenopodium quinoa)",Egypt,EGY
123,2014,188700,904809,"Cereals // Buckwheat, millet and canary seeds; other cereals. // -Quinoa (Chenopodium quinoa)",South Africa,ZAF
124,2014,283962,1450890,"Cereals // Buckwheat, millet and canary seeds; other cereals. // -Quinoa (Chenopodium quinoa)",Spain,ESP
125,2014,139131,708231,"Cereals // Buckwheat, millet and canary seeds; other cereals. // -Quinoa (Chenopodium quinoa)",Sweden,SWE
126,2014,281,1695,"Cereals // Buckwheat, millet and canary seeds; other cereals. // -Quinoa (Chenopodium quinoa)",Switzerland,CHE
127,2014,47665,261841,"Cereals // Buckwheat, millet and canary seeds; other cereals. // -Quinoa (Chenopodium quinoa)",Thailand,THA
128,2014,38007,237174,"Cereals // Buckwheat, millet and canary seeds; other cereals. // -Quinoa (Chenopodium quinoa)",United Arab Emirates,ARE
129,2014,55340,250209,"Cereals // Buckwheat, millet and canary seeds; other cereals. // -Quinoa (Chenopodium quinoa)",Turkey,TUR
130,2014,850,15900,"Cereals // Buckwheat, millet and canary seeds; other cereals. // -Quinoa (Chenopodium quinoa)",Ukraine,UKR
132,2014,1911139,9112876,"Cereals // Buckwheat, millet and canary seeds; other cereals. // -Quinoa (Chenopodium quinoa)",United Kingdom,GBR
135,2014,48200,239214,"Cereals // Buckwheat, millet and canary seeds; other cereals. // -Quinoa (Chenopodium quinoa)",Uruguay,URY
108,2014,411754,1851048,"Cereals // Buckwheat, millet and canary seeds; other cereals. // -Quinoa (Chenopodium quinoa)",Mexico,MEX
122,2014,49164,293125,"Cereals // Buckwheat, millet and canary seeds; other cereals. // -Quinoa (Chenopodium quinoa)",Singapore,SGP
107,2014,49000,248261,"Cereals // Buckwheat, millet and canary seeds; other cereals. // -Quinoa (Chenopodium quinoa)",Malta,MLT
134,2014,18201218,100023348,"Cereals // Buckwheat, millet and canary seeds; other cereals. // -Quinoa (Chenopodium quinoa)",USA,USA
105,2014,53259,272129,"Cereals // Buckwheat, millet and canary seeds; other cereals. // -Quinoa (Chenopodium quinoa)",Lebanon,LBN
106,2014,47000,279700,"Cereals // Buckwheat, millet and canary seeds; other cereals. // -Quinoa (Chenopodium quinoa)",Malaysia,MYS
78,2014,36424026,196405448,"Cereals // Buckwheat, millet and canary seeds; other cereals. // -Quinoa (Chenopodium quinoa)",World,WLD
79,2014,20330,100673,"Cereals // Buckwheat, millet and canary seeds; other cereals. // -Quinoa (Chenopodium quinoa)",Argentina,ARG
80,2014,1746412,9672361,"Cereals // Buckwheat, millet and canary seeds; other cereals. // -Quinoa (Chenopodium quinoa)",Australia,AUS
81,2014,1,55,"Cereals // Buckwheat, millet and canary seeds; other cereals. // -Quinoa (Chenopodium quinoa)",Austria,AUT
82,2014,20880,103320,"Cereals // Buckwheat, millet and canary seeds; other cereals. // -Quinoa (Chenopodium quinoa)",Bahamas,BHS
83,2014,1000,6000,"Cereals // Buckwheat, millet and canary seeds; other cereals. // -Quinoa (Chenopodium quinoa)",Bahrain,BHR
85,2014,22000,102628,"Cereals // Buckwheat, millet and canary seeds; other cereals. // -Quinoa (Chenopodium quinoa)",Bermuda,BMU
86,2014,899690,4614435,"Cereals // Buckwheat, millet and canary seeds; other cereals. // -Quinoa (Chenopodium quinoa)",Brazil,BRA
87,2014,12000,71660,"Cereals // Buckwheat, millet and canary seeds; other cereals. // -Quinoa (Chenopodium quinoa)",Bulgaria,BGR
88,2014,3785849,20074425,"Cereals // Buckwheat, millet and canary seeds; other cereals. // -Quinoa (Chenopodium quinoa)",Canada,CAN
89,2014,212799,970030,"Cereals // Buckwheat, millet and canary seeds; other cereals. // -Quinoa (Chenopodium quinoa)",Chile,CHL
90,2014,48983,238417,"Cereals // Buckwheat, millet and canary seeds; other cereals. // -Quinoa (Chenopodium quinoa)",China,CHN
84,2014,194523,1050586,"Cereals // Buckwheat, millet and canary seeds; other cereals. // -Quinoa (Chenopodium quinoa)",Belgium,BEL
92,2014,1500,7504,"Cereals // Buckwheat, millet and canary seeds; other cereals. // -Quinoa (Chenopodium quinoa)",Cyprus,CYP
91,2014,35245,211359,"Cereals // Buckwheat, millet and canary seeds; other cereals. // -Quinoa (Chenopodium quinoa)",Costa Rica,CRI
103,2014,35269,230297,"Cereals // Buckwheat, millet and canary seeds; other cereals. // -Quinoa (Chenopodium quinoa)",Rep. of Korea,KOR
102,2014,215637,1240177,"Cereals // Buckwheat, millet and canary seeds; other cereals. // -Quinoa (Chenopodium quinoa)",Japan,JPN
101,2014,1313034,6723578,"Cereals // Buckwheat, millet and canary seeds; other cereals. // -Quinoa (Chenopodium quinoa)",Italy,ITA
99,2014,548,4865,"Cereals // Buckwheat, millet and canary seeds; other cereals. // -Quinoa (Chenopodium quinoa)",Indonesia,IDN
98,2014,40845,227366,"Cereals // Buckwheat, millet and canary seeds; other cereals. // -Quinoa (Chenopodium quinoa)","China, Hong Kong SAR",HKG
100,2014,853740,3775632,"Cereals // Buckwheat, millet and canary seeds; other cereals. // -Quinoa (Chenopodium quinoa)",Israel,ISR
97,2014,1346260,7644811,"Cereals // Buckwheat, millet and canary seeds; other cereals. // -Quinoa (Chenopodium quinoa)",Germany,DEU
96,2014,1128158,5770275,"Cereals // Buckwheat, millet and canary seeds; other cereals. // -Quinoa (Chenopodium quinoa)",France,FRA
95,2014,12370,44403,"Cereals // Buckwheat, millet and canary seeds; other cereals. // -Quinoa (Chenopodium quinoa)",Ecuador,ECU
94,2014,100,1160,"Cereals // Buckwheat, millet and canary seeds; other cereals. // -Quinoa (Chenopodium quinoa)",Dominican Rep.,DOM
93,2014,1038,5448,"Cereals // Buckwheat, millet and canary seeds; other cereals. // -Quinoa (Chenopodium quinoa)",Czechia,CZE
104,2014,2920,19272,"Cereals // Buckwheat, millet and canary seeds; other cereals. // -Quinoa (Chenopodium quinoa)",Kuwait,KWT
179,2015,34040,100921,"Cereals // Buckwheat, millet and canary seeds; other cereals. // -Quinoa (Chenopodium quinoa)",Panama,PAN
183,2015,18750,38250,"Cereals // Buckwheat, millet and canary seeds; other cereals. // -Quinoa (Chenopodium quinoa)",Romania,ROU
182,2015,103400,301413,"Cereals // Buckwheat, millet and canary seeds; other cereals. // -Quinoa (Chenopodium quinoa)",Portugal,PRT
181,2015,128785,422550,"Cereals // Buckwheat, millet and canary seeds; other cereals. // -Quinoa (Chenopodium quinoa)",Poland,POL
180,2015,23500,199871,"Cereals // Buckwheat, millet and canary seeds; other cereals. // -Quinoa (Chenopodium quinoa)",Paraguay,PRY
178,2015,18793,58343,"Cereals // Buckwheat, millet and canary seeds; other cereals. // -Quinoa (Chenopodium quinoa)",Norway,NOR
172,2015,577998,1471569,"Cereals // Buckwheat, millet and canary seeds; other cereals. // -Quinoa (Chenopodium quinoa)",Mexico,MEX
176,2015,2012,8255,"Cereals // Buckwheat, millet and canary seeds; other cereals. // -Quinoa (Chenopodium quinoa)",Aruba,ABW
175,2015,5,10,"Cereals // Buckwheat, millet and canary seeds; other cereals. // -Quinoa (Chenopodium quinoa)",Curaçao,CUW
174,2015,3104294,11135918,"Cereals // Buckwheat, millet and canary seeds; other cereals. // -Quinoa (Chenopodium quinoa)",Netherlands,NLD
171,2015,1105,4834,"Cereals // Buckwheat, millet and canary seeds; other cereals. // -Quinoa (Chenopodium quinoa)",Mauritius,MUS
184,2015,163347,426209,"Cereals // Buckwheat, millet and canary seeds; other cereals. // -Quinoa (Chenopodium quinoa)",Russian Federation,RUS
177,2015,246819,1076122,"Cereals // Buckwheat, millet and canary seeds; other cereals. // -Quinoa (Chenopodium quinoa)",New Zealand,NZL
185,2015,50533,297057,"Cereals // Buckwheat, millet and canary seeds; other cereals. // -Quinoa (Chenopodium quinoa)",Saudi Arabia,SAU
199,2015,2811394,8038896,"Cereals // Buckwheat, millet and canary seeds; other cereals. // -Quinoa (Chenopodium quinoa)",United Kingdom,GBR
187,2015,87619,296675,"Cereals // Buckwheat, millet and canary seeds; other cereals. // -Quinoa (Chenopodium quinoa)",Singapore,SGP
189,2015,27900,79525,"Cereals // Buckwheat, millet and canary seeds; other cereals. // -Quinoa (Chenopodium quinoa)",Viet Nam,VNM
190,2015,38109,111112,"Cereals // Buckwheat, millet and canary seeds; other cereals. // -Quinoa (Chenopodium quinoa)",South Africa,ZAF
191,2015,463773,1327516,"Cereals // Buckwheat, millet and canary seeds; other cereals. // -Quinoa (Chenopodium quinoa)",Spain,ESP
192,2015,1000,3991,"Cereals // Buckwheat, millet and canary seeds; other cereals. // -Quinoa (Chenopodium quinoa)",Swaziland,SWZ
193,2015,169405,673978,"Cereals // Buckwheat, millet and canary seeds; other cereals. // -Quinoa (Chenopodium quinoa)",Sweden,SWE
194,2015,1200,3958,"Cereals // Buckwheat, millet and canary seeds; other cereals. // -Quinoa (Chenopodium quinoa)",Switzerland,CHE
195,2015,18328,73316,"Cereals // Buckwheat, millet and canary seeds; other cereals. // -Quinoa (Chenopodium quinoa)",Thailand,THA
196,2015,90047,347989,"Cereals // Buckwheat, millet and canary seeds; other cereals. // -Quinoa (Chenopodium quinoa)",United Arab Emirates,ARE
197,2015,456971,1145878,"Cereals // Buckwheat, millet and canary seeds; other cereals. // -Quinoa (Chenopodium quinoa)",Turkey,TUR
198,2015,10500,28328,"Cereals // Buckwheat, millet and canary seeds; other cereals. // -Quinoa (Chenopodium quinoa)",Egypt,EGY
170,2015,25000,94277,"Cereals // Buckwheat, millet and canary seeds; other cereals. // -Quinoa (Chenopodium quinoa)",Malta,MLT
200,2015,18090870,66439057,"Cereals // Buckwheat, millet and canary seeds; other cereals. // -Quinoa (Chenopodium quinoa)",USA,USA
201,2015,82300,223769,"Cereals // Buckwheat, millet and canary seeds; other cereals. // -Quinoa (Chenopodium quinoa)",Uruguay,URY
186,2015,38634,188659,"Cereals // Buckwheat, millet and canary seeds; other cereals. // -Quinoa (Chenopodium quinoa)",India,IND
169,2015,26700,104472,"Cereals // Buckwheat, millet and canary seeds; other cereals. // -Quinoa (Chenopodium quinoa)",Malaysia,MYS
188,2015,20000,60800,"Cereals // Buckwheat, millet and canary seeds; other cereals. // -Quinoa (Chenopodium quinoa)",Slovakia,SVK
167,2015,6181,22519,"Cereals // Buckwheat, millet and canary seeds; other cereals. // -Quinoa (Chenopodium quinoa)",Lithuania,LTU
168,2015,300,417,"Cereals // Buckwheat, millet and canary seeds; other cereals. // -Quinoa (Chenopodium quinoa)","China, Macao SAR",MAC
136,2015,41452952,143492680,"Cereals // Buckwheat, millet and canary seeds; other cereals. // -Quinoa (Chenopodium quinoa)",World,WLD
137,2015,98980,263733,"Cereals // Buckwheat, millet and canary seeds; other cereals. // -Quinoa (Chenopodium quinoa)",Argentina,ARG
138,2015,1229188,4499886,"Cereals // Buckwheat, millet and canary seeds; other cereals. // -Quinoa (Chenopodium quinoa)",Australia,AUS
139,2015,1000,5583,"Cereals // Buckwheat, millet and canary seeds; other cereals. // -Quinoa (Chenopodium quinoa)",Austria,AUT
140,2015,5000,9350,"Cereals // Buckwheat, millet and canary seeds; other cereals. // -Quinoa (Chenopodium quinoa)",Bahrain,BHR
141,2015,354812,1130378,"Cereals // Buckwheat, millet and canary seeds; other cereals. // -Quinoa (Chenopodium quinoa)",Belgium,BEL
142,2015,845976,2288511,"Cereals // Buckwheat, millet and canary seeds; other cereals. // -Quinoa (Chenopodium quinoa)",Brazil,BRA
143,2015,45500,178064,"Cereals // Buckwheat, millet and canary seeds; other cereals. // -Quinoa (Chenopodium quinoa)",Bulgaria,BGR
145,2015,433332,1058894,"Cereals // Buckwheat, millet and canary seeds; other cereals. // -Quinoa (Chenopodium quinoa)",Chile,CHL
146,2015,1268,9198,"Cereals // Buckwheat, millet and canary seeds; other cereals. // -Quinoa (Chenopodium quinoa)",China,CHN
147,2015,100,324,"Cereals // Buckwheat, millet and canary seeds; other cereals. // -Quinoa (Chenopodium quinoa)",Colombia,COL
148,2015,46995,206803,"Cereals // Buckwheat, millet and canary seeds; other cereals. // -Quinoa (Chenopodium quinoa)",Costa Rica,CRI
149,2015,22000,55215,"Cereals // Buckwheat, millet and canary seeds; other cereals. // -Quinoa (Chenopodium quinoa)",Croatia,HRV
150,2015,20000,53860,"Cereals // Buckwheat, millet and canary seeds; other cereals. // -Quinoa (Chenopodium quinoa)",Czechia,CZE
144,2015,3305194,11219450,"Cereals // Buckwheat, millet and canary seeds; other cereals. // -Quinoa (Chenopodium quinoa)",Canada,CAN
152,2015,21584,93662,"Cereals // Buckwheat, millet and canary seeds; other cereals. // -Quinoa (Chenopodium quinoa)",Dominican Rep.,DOM
151,2015,72006,159189,"Cereals // Buckwheat, millet and canary seeds; other cereals. // -Quinoa (Chenopodium quinoa)",Denmark,DNK
165,2015,64330,286460,"Cereals // Buckwheat, millet and canary seeds; other cereals. // -Quinoa (Chenopodium quinoa)",Kuwait,KWT
164,2015,102241,362885,"Cereals // Buckwheat, millet and canary seeds; other cereals. // -Quinoa (Chenopodium quinoa)",Rep. of Korea,KOR
163,2015,501830,1497359,"Cereals // Buckwheat, millet and canary seeds; other cereals. // -Quinoa (Chenopodium quinoa)",Japan,JPN
162,2015,2147142,7441256,"Cereals // Buckwheat, millet and canary seeds; other cereals. // -Quinoa (Chenopodium quinoa)",Italy,ITA
160,2015,1050,4925,"Cereals // Buckwheat, millet and canary seeds; other cereals. // -Quinoa (Chenopodium quinoa)",Ireland,IRL
159,2015,5000,22020,"Cereals // Buckwheat, millet and canary seeds; other cereals. // -Quinoa (Chenopodium quinoa)",Indonesia,IDN
161,2015,1240637,3044910,"Cereals // Buckwheat, millet and canary seeds; other cereals. // -Quinoa (Chenopodium quinoa)",Israel,ISR
166,2015,95324,276750,"Cereals // Buckwheat, millet and canary seeds; other cereals. // -Quinoa (Chenopodium quinoa)",Lebanon,LBN
157,2015,300,1140,"Cereals // Buckwheat, millet and canary seeds; other cereals. // -Quinoa (Chenopodium quinoa)",Guatemala,GTM
156,2015,39000,78860,"Cereals // Buckwheat, millet and canary seeds; other cereals. // -Quinoa (Chenopodium quinoa)",Greece,GRC
155,2015,1755711,7031659,"Cereals // Buckwheat, millet and canary seeds; other cereals. // -Quinoa (Chenopodium quinoa)",Germany,DEU
154,2015,1628608,5760306,"Cereals // Buckwheat, millet and canary seeds; other cereals. // -Quinoa (Chenopodium quinoa)",France,FRA
153,2015,38440,27810,"Cereals // Buckwheat, millet and canary seeds; other cereals. // -Quinoa (Chenopodium quinoa)",Ecuador,ECU
158,2015,265681,1083331,"Cereals // Buckwheat, millet and canary seeds; other cereals. // -Quinoa (Chenopodium quinoa)","China, Hong Kong SAR",HKG
245,2016,1726,8782,"Cereals // Buckwheat, millet and canary seeds; other cereals. // -Quinoa (Chenopodium quinoa)",Aruba,ABW
249,2016,285124,535984,"Cereals // Buckwheat, millet and canary seeds; other cereals. // -Quinoa (Chenopodium quinoa)",Poland,POL
248,2016,126934,257502,"Cereals // Buckwheat, millet and canary seeds; other cereals. // -Quinoa (Chenopodium quinoa)",Panama,PAN
247,2016,4454,14174,"Cereals // Buckwheat, millet and canary seeds; other cereals. // -Quinoa (Chenopodium quinoa)",Norway,NOR
246,2016,115073,280165,"Cereals // Buckwheat, millet and canary seeds; other cereals. // -Quinoa (Chenopodium quinoa)",New Zealand,NZL
244,2016,1,2,"Cereals // Buckwheat, millet and canary seeds; other cereals. // -Quinoa (Chenopodium quinoa)",Curaçao,CUW
237,2016,73479,148801,"Cereals // Buckwheat, millet and canary seeds; other cereals. // -Quinoa (Chenopodium quinoa)",Lithuania,LTU
241,2016,441301,880915,"Cereals // Buckwheat, millet and canary seeds; other cereals. // -Quinoa (Chenopodium quinoa)",Mexico,MEX
240,2016,61831,160063,"Cereals // Buckwheat, millet and canary seeds; other cereals. // -Quinoa (Chenopodium quinoa)",Malta,MLT
239,2016,22315,49616,"Cereals // Buckwheat, millet and canary seeds; other cereals. // -Quinoa (Chenopodium quinoa)",Malaysia,MYS
238,2016,1125,6434,"Cereals // Buckwheat, millet and canary seeds; other cereals. // -Quinoa (Chenopodium quinoa)","China, Macao SAR",MAC
250,2016,111100,235575,"Cereals // Buckwheat, millet and canary seeds; other cereals. // -Quinoa (Chenopodium quinoa)",Portugal,PRT
243,2016,4574857,10850287,"Cereals // Buckwheat, millet and canary seeds; other cereals. // -Quinoa (Chenopodium quinoa)",Netherlands,NLD
251,2016,10584,37170,"Cereals // Buckwheat, millet and canary seeds; other cereals. // -Quinoa (Chenopodium quinoa)",Qatar,QAT
267,2016,3511480,7285251,"Cereals // Buckwheat, millet and canary seeds; other cereals. // -Quinoa (Chenopodium quinoa)",United Kingdom,GBR
253,2016,36042,174272,"Cereals // Buckwheat, millet and canary seeds; other cereals. // -Quinoa (Chenopodium quinoa)",Saudi Arabia,SAU
236,2016,80278,166641,"Cereals // Buckwheat, millet and canary seeds; other cereals. // -Quinoa (Chenopodium quinoa)",Lebanon,LBN
266,2016,6000,14506,"Cereals // Buckwheat, millet and canary seeds; other cereals. // -Quinoa (Chenopodium quinoa)",Egypt,EGY
265,2016,5000,8554,"Cereals // Buckwheat, millet and canary seeds; other cereals. // -Quinoa (Chenopodium quinoa)",Ukraine,UKR
264,2016,286836,521728,"Cereals // Buckwheat, millet and canary seeds; other cereals. // -Quinoa (Chenopodium quinoa)",Turkey,TUR
263,2016,146319,402187,"Cereals // Buckwheat, millet and canary seeds; other cereals. // -Quinoa (Chenopodium quinoa)",United Arab Emirates,ARE
262,2016,124572,334443,"Cereals // Buckwheat, millet and canary seeds; other cereals. // -Quinoa (Chenopodium quinoa)",Thailand,THA
252,2016,297215,598837,"Cereals // Buckwheat, millet and canary seeds; other cereals. // -Quinoa (Chenopodium quinoa)",Russian Federation,RUS
261,2016,20332,53091,"Cereals // Buckwheat, millet and canary seeds; other cereals. // -Quinoa (Chenopodium quinoa)",Switzerland,CHE
259,2016,2615866,5040850,"Cereals // Buckwheat, millet and canary seeds; other cereals. // -Quinoa (Chenopodium quinoa)",Spain,ESP
258,2016,151100,291168,"Cereals // Buckwheat, millet and canary seeds; other cereals. // -Quinoa (Chenopodium quinoa)",South Africa,ZAF
257,2016,21500,62140,"Cereals // Buckwheat, millet and canary seeds; other cereals. // -Quinoa (Chenopodium quinoa)",Slovenia,SVN
256,2016,131506,269331,"Cereals // Buckwheat, millet and canary seeds; other cereals. // -Quinoa (Chenopodium quinoa)",Viet Nam,VNM
255,2016,145754,385138,"Cereals // Buckwheat, millet and canary seeds; other cereals. // -Quinoa (Chenopodium quinoa)",Singapore,SGP
254,2016,69251,209027,"Cereals // Buckwheat, millet and canary seeds; other cereals. // -Quinoa (Chenopodium quinoa)",India,IND
260,2016,182352,476506,"Cereals // Buckwheat, millet and canary seeds; other cereals. // -Quinoa (Chenopodium quinoa)",Sweden,SWE
235,2016,31142,94316,"Cereals // Buckwheat, millet and canary seeds; other cereals. // -Quinoa (Chenopodium quinoa)",Kuwait,KWT
219,2016,9080,17610,"Cereals // Buckwheat, millet and canary seeds; other cereals. // -Quinoa (Chenopodium quinoa)",Czechia,CZE
233,2016,11561,29406,"Cereals // Buckwheat, millet and canary seeds; other cereals. // -Quinoa (Chenopodium quinoa)",Jordan,JOR
268,2016,13889159,35159520,"Cereals // Buckwheat, millet and canary seeds; other cereals. // -Quinoa (Chenopodium quinoa)",USA,USA
202,2016,44352904,103061934,"Cereals // Buckwheat, millet and canary seeds; other cereals. // -Quinoa (Chenopodium quinoa)",World,WLD
203,2016,217770,456945,"Cereals // Buckwheat, millet and canary seeds; other cereals. // -Quinoa (Chenopodium quinoa)",Argentina,ARG
204,2016,963640,2273126,"Cereals // Buckwheat, millet and canary seeds; other cereals. // -Quinoa (Chenopodium quinoa)",Australia,AUS
205,2016,374,900,"Cereals // Buckwheat, millet and canary seeds; other cereals. // -Quinoa (Chenopodium quinoa)",Austria,AUT
206,2016,17458,44128,"Cereals // Buckwheat, millet and canary seeds; other cereals. // -Quinoa (Chenopodium quinoa)",Bahrain,BHR
207,2016,254773,585080,"Cereals // Buckwheat, millet and canary seeds; other cereals. // -Quinoa (Chenopodium quinoa)",Belgium,BEL
208,2016,1468,3083,"Cereals // Buckwheat, millet and canary seeds; other cereals. // -Quinoa (Chenopodium quinoa)",Bolivia (Plurinational State of),BOL
209,2016,1045389,1936880,"Cereals // Buckwheat, millet and canary seeds; other cereals. // -Quinoa (Chenopodium quinoa)",Brazil,BRA
210,2016,52175,122411,"Cereals // Buckwheat, millet and canary seeds; other cereals. // -Quinoa (Chenopodium quinoa)",Bulgaria,BGR
211,2016,3148177,8044413,"Cereals // Buckwheat, millet and canary seeds; other cereals. // -Quinoa (Chenopodium quinoa)",Canada,CAN
212,2016,250,456,"Cereals // Buckwheat, millet and canary seeds; other cereals. // -Quinoa (Chenopodium quinoa)",Cabo Verde,CPV
213,2016,645366,1176480,"Cereals // Buckwheat, millet and canary seeds; other cereals. // -Quinoa (Chenopodium quinoa)",Chile,CHL
214,2016,6634,46167,"Cereals // Buckwheat, millet and canary seeds; other cereals. // -Quinoa (Chenopodium quinoa)",China,CHN
215,2016,38500,64343,"Cereals // Buckwheat, millet and canary seeds; other cereals. // -Quinoa (Chenopodium quinoa)",Colombia,COL
216,2016,24261,79193,"Cereals // Buckwheat, millet and canary seeds; other cereals. // -Quinoa (Chenopodium quinoa)",Costa Rica,CRI
217,2016,4000,8970,"Cereals // Buckwheat, millet and canary seeds; other cereals. // -Quinoa (Chenopodium quinoa)",Croatia,HRV
232,2016,509329,1131856,"Cereals // Buckwheat, millet and canary seeds; other cereals. // -Quinoa (Chenopodium quinoa)",Japan,JPN
231,2016,3298861,7605317,"Cereals // Buckwheat, millet and canary seeds; other cereals. // -Quinoa (Chenopodium quinoa)",Italy,ITA
230,2016,1305568,2182993,"Cereals // Buckwheat, millet and canary seeds; other cereals. // -Quinoa (Chenopodium quinoa)",Israel,ISR
229,2016,15500,42000,"Cereals // Buckwheat, millet and canary seeds; other cereals. // -Quinoa (Chenopodium quinoa)",Iran,IRN
228,2016,28795,80116,"Cereals // Buckwheat, millet and canary seeds; other cereals. // -Quinoa (Chenopodium quinoa)",Indonesia,IDN
227,2016,227685,742924,"Cereals // Buckwheat, millet and canary seeds; other cereals. // -Quinoa (Chenopodium quinoa)","China, Hong Kong SAR",HKG
234,2016,13292,50320,"Cereals // Buckwheat, millet and canary seeds; other cereals. // -Quinoa (Chenopodium quinoa)",Rep. of Korea,KOR
226,2016,1958,6240,"Cereals // Buckwheat, millet and canary seeds; other cereals. // -Quinoa (Chenopodium quinoa)",Guatemala,GTM
224,2016,1705046,4026466,"Cereals // Buckwheat, millet and canary seeds; other cereals. // -Quinoa (Chenopodium quinoa)",Germany,DEU
223,2016,2333419,5223472,"Cereals // Buckwheat, millet and canary seeds; other cereals. // -Quinoa (Chenopodium quinoa)",France,FRA
222,2016,750,2092,"Cereals // Buckwheat, millet and canary seeds; other cereals. // -Quinoa (Chenopodium quinoa)",Finland,FIN
221,2016,24403,76076,"Cereals // Buckwheat, millet and canary seeds; other cereals. // -Quinoa (Chenopodium quinoa)",Dominican Rep.,DOM
220,2016,224500,475720,"Cereals // Buckwheat, millet and canary seeds; other cereals. // -Quinoa (Chenopodium quinoa)",Denmark,DNK
218,2016,22000,42597,"Cereals // Buckwheat, millet and canary seeds; other cereals. // -Quinoa (Chenopodium quinoa)",Cyprus,CYP
225,2016,198500,382091,"Cereals // Buckwheat, millet and canary seeds; other cereals. // -Quinoa (Chenopodium quinoa)",Greece,GRC
269,2016,85175,166235,"Cereals // Buckwheat, millet and canary seeds; other cereals. // -Quinoa (Chenopodium quinoa)",Uruguay,URY
